<?xml version="1.0" encoding="UTF-8" standalone="yes"?>
<addon id="plugin.video.xstream" name="xStream" version="3.5.14~nightly3" provider-name="xStream-Team">
 <requires>
   <import addon="xbmc.python" version="2.14.0"/>
   <import addon="repository.xstreamon"/>
   <import addon="script.module.urlresolver"/>
   <import addon="script.module.metahandler" version="3.0.2.1"/>
   <import addon="script.module.inputstreamhelper" version="0.3.3" optional="true"/>
   <import addon="script.module.requests"/>
   <import addon="script.module.pydevd-pycharm" optional="true"/>
 </requires>
 <extension point="xbmc.python.pluginsource" library="default.py">
   <provides>video</provides>
 </extension>
     <extension point="xbmc.service" library="service.py" start="startup" /> <!-- ka: die Updates werden gleich schon beim Start von Kodi ausgeführt! -->
 <extension point="xbmc.addon.metadata">
   <summary lang="de">Watch xStream!</summary>
   <description lang="de">Mit diesem Addon kannst du auf alle angebotenen Streams verschiedenster deutschen Quellen zugreifen</description>
   <disclaimer lang="de">Die von diesem Addon dargestellten Inhalte werden von den Erstellern des Addons weder gehostet oder verbreitet, noch stehen die Ersteller in irgendeiner Beziehung zu den Content-Anbietern.</disclaimer>
   <source>https://github.com/streamxstream/plugin.video.xstream</source>
   <license>GNU GPLv3</license>
   <platform>all</platform>
   <news>
3.5.14~nightly2
- [cinenator] hoster add lang and qualy
- [moviestream] code cleanup
- [cinenator] code cleanup
- [pureanime] cloudplayer add Qualy
- [pureanime] add site
- [hdfilme] hoster optimierung tnx loki and code cleanup
- [xcine] code cleanup
- [xcine] code optimierung tnx loki
- [xcine] add site tnx loki
- [hdfilme] fix hoster tnx loki
- [dokus4] add site
- [dokustream] remove offline
- [alleserien] code cleanup
- [filmpalast] code cleanup
- [flimmerstube] code cleanup
- [hd-streams.to] code cleanup
- [hd-streams.org] cloudflare problem remove
- [kino.cx] keine hoster remove
- [kindertube] code cleanup
- [kinoger] code cleanup
- [kkiste] code cleanup
- [moviedream] code cleanup
- [movietown] code cleanup
- [netzkino] code cleanup
- [serienstream] code cleanup
- [streamit.ws] keine hoster remove
- [topstreamfilm] hoster problem remove 
- [streamking] code cleanup add serien und jahr    
- Update service.py
    
3.5.14~nightly1
- fix HdFilme
    
 xStream 3.5.13
  05.03.2020
- Update settings.xml und service.py
- New UpdateManager
- Fix "Indexseiten" in Settings
- [kinoger] add hoster cloudvideo.tv und kinoger.re
- [hdfilme] fix hoster
- [kinoger] add ddos guard support und fix site
- [hd-streams.to] fix site
- [hdfilme] fix hoster und Code cleanup
   </news>
   <assets>
     <icon>icon.png</icon>
     <fanart>fanart.jpg</fanart>
     <screenshot>resources/art/screenshot-01.jpg</screenshot>
     <screenshot>resources/art/screenshot-02.jpg</screenshot>
   </assets>
 </extension>
</addon>
