<?xml version="1.0" encoding="UTF-8" standalone="yes"?>
<addon id="plugin.video.xstream" name="xStream" version="3.5.19~nightly" provider-name="xStream-Team">
 <requires>
    <!-- <import addon="xbmc.python" version="2.14.0"/> -->
    <import addon="script.module.requests"/>
    <import addon="script.module.urlresolver"/>
    <import addon="script.module.six" version="1.11.0"/>
    <import addon="repository.xstream" optional="true"/>
    <import addon="script.module.metahandler" version="3.0.2.1" optional="true"/>
    <import addon="script.module.inputstreamhelper" version="0.3.3" optional="true"/>
 </requires>
 <extension point="xbmc.python.pluginsource" library="default.py">
   <provides>video</provides>
 </extension>
     <extension point="xbmc.service" library="service.py" start="startup" /> <!-- ka: die Updates werden gleich schon beim Start von Kodi ausgeführt! -->
 <extension point="xbmc.addon.metadata">
   <summary lang="de">Watch xStream!</summary>
   <description lang="de">Mit diesem Addon kannst du auf alle angebotenen Streams verschiedenster deutschen Quellen zugreifen</description>
   <disclaimer lang="de">Die von diesem Addon dargestellten Inhalte werden von den Erstellern des Addons weder gehostet oder verbreitet, noch stehen die Ersteller in irgendeiner Beziehung zu den Content-Anbietern.</disclaimer>
   <source>https://github.com/streamxstream/plugin.video.xstream</source>
   <license>GNU GPLv3</license>
   <platform>all</platform>
   <news>
3.5.19~nightly
- [kkiste] fix suche
- [requestHandler] use socket.setdefaulttimeout
- [streamkiste] fix Serien
- entfernt alleserien, moviedream, movie4k
- [hd-streams.to] fix site
- fix hosterSelect List
- [HD-Streams.org] fix site
- [cinenator] fix next page

3.5.18
  06.10.2020
- [flimmerstube] fix hoster
- [streamkiste] Seite hinzugefügt
- [hd-streams.org] fix für Kodi 19
- [movie4k.space] Seite hinzugefügt
- [general] fix für Kodi 19 Alpha2
   </news>
   <assets>
     <icon>icon.png</icon>
     <fanart>fanart.jpg</fanart>
     <screenshot>resources/art/screenshot-01.jpg</screenshot>
     <screenshot>resources/art/screenshot-02.jpg</screenshot>
   </assets>
 </extension>
</addon>
