<?xml version="1.0" encoding="UTF-8" standalone="yes"?>
<addon id="plugin.video.xstream" name="xStream" version="3.5.16~nightly1" provider-name="xStream-Team">
 <requires>
    <!-- <import addon="xbmc.python" version="2.14.0"/> -->
    <import addon="script.module.requests"/>
    <import addon="script.module.urlresolver"/>
    <import addon="script.module.six" version="1.11.0"/>
    <import addon="repository.xstreamon" optional="true"/>
    <import addon="script.module.metahandler" version="3.0.2.1" optional="true"/>
    <import addon="script.module.inputstreamhelper" version="0.3.3" optional="true"/>
 </requires>
 <extension point="xbmc.python.pluginsource" library="default.py">
   <provides>video</provides>
 </extension>
     <extension point="xbmc.service" library="service.py" start="startup" /> <!-- ka: die Updates werden gleich schon beim Start von Kodi ausgeführt! -->
 <extension point="xbmc.addon.metadata">
   <summary lang="de">Watch xStream!</summary>
   <description lang="de">Mit diesem Addon kannst du auf alle angebotenen Streams verschiedenster deutschen Quellen zugreifen</description>
   <disclaimer lang="de">Die von diesem Addon dargestellten Inhalte werden von den Erstellern des Addons weder gehostet oder verbreitet, noch stehen die Ersteller in irgendeiner Beziehung zu den Content-Anbietern.</disclaimer>
   <source>https://github.com/streamxstream/plugin.video.xstream</source>
   <license>GNU GPLv3</license>
   <platform>all</platform>
   <news>

3.5.16~nightly1
- [xStream] Kodi 19 Support Beta
- [ddl] entfernt keine streams
- Suchergebnisse verbessert mehrere seiten
- [HDfilme] Suche fix 
-  mehrere seiten py23 kompatibel
- [xcine] remove cloudflare problem
- [Cinenator] add duration fix year
- [moviedream] add top10 fix for py23
- [topstreamfilm] fix hoster
- [kkiste] Add Serie und Release Jahre
- [Pureanime] add konto und fix suche

3.5.15.2
  06.07.2020
  Update:
- edit Update Service

3.5.15.1
  28.06.2020
  Update:
- Add script.module.six support

3.5.15
  02.06.2020
  Update:
- Update Manager (Change URLResolver master auf nightly branche)
- [pureanime] fix hoster
- [Flimmerstube] fix
- Languages strings.po und strings.xml (Benutername umgestellt auf E-Mail für s.to)
- [topstreamfilm] add again fix hoster
- UpdateManager add 'enforce Update'
   </news>
   <assets>
     <icon>icon.png</icon>
     <fanart>fanart.jpg</fanart>
     <screenshot>resources/art/screenshot-01.jpg</screenshot>
     <screenshot>resources/art/screenshot-02.jpg</screenshot>
   </assets>
 </extension>
</addon>
