<?xml version="1.0" encoding="UTF-8"?>
<addon id="skin.aeon.nox.pvr" version="7.0.9.8.1" name="Aeon Nox: SiLVO-PVR" provider-name="SiLVO, Grabber66">
	<requires>
		<import addon="xbmc.gui" version="5.14.0" />
		<import addon="script.skinshortcuts" version="1.0.10" />
		<import addon="service.library.data.provider" version="0.0.7" />
		<import addon="resource.images.studios.white" version="0.0.1" />
		<import addon="resource.images.recordlabels.white" version="0.0.1" />
	</requires>
	<extension point="xbmc.gui.skin" debugging="false">
		<res width="1920" height="1080" aspect="16:9" default="true" folder="16x9" />
	</extension>
	<extension point="xbmc.addon.metadata">
		<summary lang="de_DE">Erstellt von BigNoid, modifiziert von SiLVO, Widgets von Mr. V</summary>
		<summary lang="en_GB">Created by BigNoid, Modded by SiLVO, and Widgets by Mr. V</summary>
		<description lang="de_DE">Komplett neu designed für ein modernes Aussehen und das klassische Aeon-Feeling beizubehalten.</description>
		<description lang="en_GB">Completely redesigned to create a modern look, while retaining the classic Aeon feel.</description>
		<platform>all</platform>
		<license>CC BY-NC-SA 4.0</license>
		<forum>https://forum.kodi.tv/showthread.php?tid=210069</forum>
		<website>https://github.com/Grabber66/skin.aeon.nox.pvr</website>
		<source>https://github.com/Grabber66/skin.aeon.nox.pvr</source>
		<news>[I][COLOR FFFF9800]v7.0.9[/COLOR][/I][CR]- Add music playlist contents for List view[CR]- Fix CinemaVision causing focus issue[CR]- Add Artist Slideshow 3.0 support[CR][CR][B]All updates may contain various changes and/or improvements[/B][CR]For a more complete list visit:[CR][I][COLOR FFFF9800]https://github.com/mikesilvo164/Aeon-Nox-SiLVO/commits/master[/COLOR][/I]</news>
		<assets>
			<icon>resources/icon.png</icon>
			<fanart>resources/fanart.jpg</fanart>
		</assets>
	</extension>
</addon>
